{"cameraMode":{"drawMode":0,"name":"Shaded","section":"Shading Mode"},"sceneLighting":true,"audioPlay":false,"sceneViewState":{"showFog":true,"showMaterialUpdate":false,"showSkybox":true,"showFlares":true,"showImageEffects":true,"showParticleSystems":true},"in2DMode":false,"pivot":{"x":-55.48499298095703,"y":-15.678083419799805,"z":23.847131729125978},"rotation":{"x":-0.279229074716568,"y":-0.6922732591629028,"z":0.35456404089927676,"w":-0.5633988380432129},"size":46.84627914428711,"orthographic":false}